{
  "0": {
    "index": 0,
    "time": 0.5488575991,
    "v1": 0.9584340665,
    "v2": 0.7671922007,
    "v3": 0.8376245318,
    "v4": 0.2515817762,
    "v5": 0.7657530096,
    "v6": 0.2630440781,
    "v7": 0.2654142221,
    "v8": 0.7853748869,
    "v9": 0.4629337794,
    "v10": 0.5089252334,
    "v11": 0.284894577,
    "v12": 0.7046009034,
    "v13": 0.4483455485,
    "v14": 0.6464587843,
    "v15": 0.3363393142,
    "v16": 0.4495797062,
    "v17": 0.7314649074,
    "v18": 0.6535594182,
    "v19": 0.5632228503,
    "v20": 0.5802584562,
    "v21": 0.5614595948,
    "v22": 0.5100298632,
    "v23": 0.6654346443,
    "v24": 0.382258664,
    "v25": 0.5779025305,
    "v26": 0.4254337393,
    "v27": 0.416505504,
    "v28": 0.3131212076,
    "amount": 0.0034366304,
    "class": 0.0
  },
  "1": {
    "index": 0,
    "time": 0.4673063968,
    "v1": 0.8772242795,
    "v2": 0.8054945809,
    "v3": 0.715536885,
    "v4": 0.4532745262,
    "v5": 0.7445023544,
    "v6": 0.2489668063,
    "v7": 0.2314301918,
    "v8": 0.7915066107,
    "v9": 0.3738647772,
    "v10": 0.3912693941,
    "v11": 0.5112659787,
    "v12": 0.4682749747,
    "v13": 0.4398677239,
    "v14": 0.4116393166,
    "v15": 0.3293802246,
    "v16": 0.3176950106,
    "v17": 0.5374473491,
    "v18": 0.4987984877,
    "v19": 0.6164685048,
    "v20": 0.5842295928,
    "v21": 0.5729828268,
    "v22": 0.5106863775,
    "v23": 0.6648350003,
    "v24": 0.3680678902,
    "v25": 0.5802331871,
    "v26": 0.433884961,
    "v27": 0.4196593738,
    "v28": 0.3146593869,
    "amount": 0.0047569406,
    "class": 1.0
  }
}
