{
  "0": {
    "time": 0.4373379555,
    "v1": 0.9184976452,
    "v2": 0.7959358971,
    "v3": 0.7494666464,
    "v4": 0.4370996299,
    "v5": 0.7554637698,
    "v6": 0.2486965616,
    "v7": 0.2468696062,
    "v8": 0.7920523095,
    "v9": 0.3866917526,
    "v10": 0.4139878031,
    "v11": 0.498543005,
    "v12": 0.4968012989,
    "v13": 0.4432556277,
    "v14": 0.4197763124,
    "v15": 0.3320491602,
    "v16": 0.3364627459,
    "v17": 0.5770473891,
    "v18": 0.5388238843,
    "v19": 0.6138249205,
    "v20": 0.5832965881,
    "v21": 0.5710251303,
    "v22": 0.5122904583,
    "v23": 0.6643474838,
    "v24": 0.3740420055,
    "v25": 0.5828670507,
    "v26": 0.4261541567,
    "v27": 0.4238003909,
    "v28": 0.3160936354,
    "amount": 0.000360046,
    "class": 1.0
  },
  "1": {
    "time": 0.4902483911,
    "v1": 0.9586339486,
    "v2": 0.7679343982,
    "v3": 0.8405701607,
    "v4": 0.2509370124,
    "v5": 0.7653564277,
    "v6": 0.2602737594,
    "v7": 0.2656061343,
    "v8": 0.7856219107,
    "v9": 0.4610587577,
    "v10": 0.5068211816,
    "v11": 0.2832088933,
    "v12": 0.7095325513,
    "v13": 0.4472823008,
    "v14": 0.6477997729,
    "v15": 0.3399375861,
    "v16": 0.4514945686,
    "v17": 0.7292459532,
    "v18": 0.6531004161,
    "v19": 0.5635582495,
    "v20": 0.5795982883,
    "v21": 0.5609987722,
    "v22": 0.5103452297,
    "v23": 0.6652680679,
    "v24": 0.3877699723,
    "v25": 0.5788280629,
    "v26": 0.4169170944,
    "v27": 0.4165336472,
    "v28": 0.3133511283,
    "amount": 0.0008563257,
    "class": 0.0
  }
}
