{
  "0": {
    "v1": 0.8105622799,
    "v2": 0.7382124035,
    "v3": 0.6328494628,
    "v4": 0.5416797291,
    "v5": 0.4092721174,
    "v6": 0.50970871,
    "v7": 0.5926912685,
    "v8": 0.7388194772,
    "v9": 0.3748080917,
    "v10": 0.4012694068,
    "v11": 0.5493880139,
    "v12": 0.5376179543,
    "v13": 0.4672256274,
    "v14": 0.4583918226,
    "v15": 0.510344337,
    "v16": 0.4639148623,
    "v17": 0.5006326965,
    "v18": 0.4967499524,
    "v19": 0.5719031493,
    "v20": 0.5311869226,
    "v21": 0.4728719424,
    "v22": 0.5177405868,
    "v23": 0.5960816827,
    "v24": 0.4034476301,
    "v25": 0.5895307495,
    "v26": 0.3624685055,
    "v27": 0.7292841271,
    "v28": 0.4327493668,
    "amount": 0.001518,
    "label": 1.0,
    "match": 1.0,
    "line": 0
  },
  "1": {
    "v1": 0.9166617241,
    "v2": 0.7044103979,
    "v3": 0.7645446288,
    "v4": 0.4205979208,
    "v5": 0.4562276677,
    "v6": 0.5448953723,
    "v7": 0.6667781263,
    "v8": 0.72170961,
    "v9": 0.4401211102,
    "v10": 0.4842565366,
    "v11": 0.3500125743,
    "v12": 0.761334997,
    "v13": 0.4091607271,
    "v14": 0.6476984887,
    "v15": 0.499451139,
    "v16": 0.7166976701,
    "v17": 0.7497463605,
    "v18": 0.7264763725,
    "v19": 0.5385166739,
    "v20": 0.5239349808,
    "v21": 0.4565488627,
    "v22": 0.5120060341,
    "v23": 0.5996138678,
    "v24": 0.4146842302,
    "v25": 0.6099188391,
    "v26": 0.3873677689,
    "v27": 0.7108459657,
    "v28": 0.4254585292,
    "amount": 0.0011725,
    "label": 1.0,
    "match": 0.0,
    "line": 1
  },
  "2": {
    "v1": 0.9339170087,
    "v2": 0.6921521262,
    "v3": 0.7864180356,
    "v4": 0.3034914738,
    "v5": 0.4482793894,
    "v6": 0.5513117244,
    "v7": 0.6599986722,
    "v8": 0.7248709041,
    "v9": 0.4609413281,
    "v10": 0.5050179156,
    "v11": 0.2848294727,
    "v12": 0.7980088014,
    "v13": 0.4930717016,
    "v14": 0.7100855601,
    "v15": 0.5227194752,
    "v16": 0.7181386585,
    "v17": 0.7452714583,
    "v18": 0.6941697669,
    "v19": 0.5021851766,
    "v20": 0.5201416465,
    "v21": 0.4563642794,
    "v22": 0.5159092697,
    "v23": 0.5975987412,
    "v24": 0.4206633454,
    "v25": 0.5904337427,
    "v26": 0.3644387578,
    "v27": 0.7103970776,
    "v28": 0.4238819619,
    "amount": 0.0022,
    "label": 0.0,
    "match": 1.0,
    "line": 2
  },
  "3": {
    "v1": 0.8884047258,
    "v2": 0.7214005333,
    "v3": 0.6863893484,
    "v4": 0.4021650569,
    "v5": 0.3973337005,
    "v6": 0.5079520055,
    "v7": 0.5961081898,
    "v8": 0.744849545,
    "v9": 0.3714664815,
    "v10": 0.3898396963,
    "v11": 0.5208842674,
    "v12": 0.4929670646,
    "v13": 0.3576040092,
    "v14": 0.4151348865,
    "v15": 0.5063088731,
    "v16": 0.4778205721,
    "v17": 0.4537898666,
    "v18": 0.4488434208,
    "v19": 0.5997353835,
    "v20": 0.5435115886,
    "v21": 0.4783500551,
    "v22": 0.5397417566,
    "v23": 0.6006834512,
    "v24": 0.4044863799,
    "v25": 0.5956765229,
    "v26": 0.3361081593,
    "v27": 0.7434462157,
    "v28": 0.4374802167,
    "amount": 0.010499,
    "label": 0.0,
    "match": 0.0,
    "line": 3
  }
}
